url,title,text,links,metadata,images,crawled_at,status_code,content_type
https://httpbin.org/links/6/0,Links,Links 0 1 2 3 4 5,"[""https://httpbin.org/links/6/1"", ""https://httpbin.org/links/6/2"", ""https://httpbin.org/links/6/3"", ""https://httpbin.org/links/6/4"", ""https://httpbin.org/links/6/5""]","{""title"": ""Links"", ""description"": """", ""keywords"": """"}",[],2026-09-25T13:05:49.162100+00:00,200,text/html
https://httpbin.org/links/6/1,Links,Links 0 1 2 3 4 5,"[""https://httpbin.org/links/6/0"", ""https://httpbin.org/links/6/2"", ""https://httpbin.org/links/6/3"", ""https://httpbin.org/links/6/4"", ""https://httpbin.org/links/6/5""]","{""title"": ""Links"", ""description"": """", ""keywords"": """"}",[],2026-09-25T13:05:49.343389+00:00,200,text/html
https://httpbin.org/links/6/2,Links,Links 0 1 2 3 4 5,"[""https://httpbin.org/links/6/0"", ""https://httpbin.org/links/6/1"", ""https://httpbin.org/links/6/3"", ""https://httpbin.org/links/6/4"", ""https://httpbin.org/links/6/5""]","{""title"": ""Links"", ""description"": """", ""keywords"": """"}",[],2026-09-25T13:05:50.355309+00:00,200,text/html
https://httpbin.org/links/6/3,Links,Links 0 1 2 3 4 5,"[""https://httpbin.org/links/6/0"", ""https://httpbin.org/links/6/1"", ""https://httpbin.org/links/6/2"", ""https://httpbin.org/links/6/4"", ""https://httpbin.org/links/6/5""]","{""title"": ""Links"", ""description"": """", ""keywords"": """"}",[],2026-09-25T13:05:53.012513+00:00,200,text/html
https://httpbin.org/links/6/4,Links,Links 0 1 2 3 4 5,"[""https://httpbin.org/links/6/0"", ""https://httpbin.org/links/6/1"", ""https://httpbin.org/links/6/2"", ""https://httpbin.org/links/6/3"", ""https://httpbin.org/links/6/5""]","{""title"": ""Links"", ""description"": """", ""keywords"": """"}",[],2026-09-25T13:05:53.267041+00:00,200,text/html
https://httpbin.org/links/6/5,Links,Links 0 1 2 3 4 5,"[""https://httpbin.org/links/6/0"", ""https://httpbin.org/links/6/1"", ""https://httpbin.org/links/6/2"", ""https://httpbin.org/links/6/3"", ""https://httpbin.org/links/6/4""]","{""title"": ""Links"", ""description"": """", ""keywords"": """"}",[],2026-09-25T13:05:53.344566+00:00,200,text/html
https://httpbin.org/links/6/0,Links,Links 0 1 2 3 4 5,"[""https://httpbin.org/links/6/1"", ""https://httpbin.org/links/6/2"", ""https://httpbin.org/links/6/3"", ""https://httpbin.org/links/6/4"", ""https://httpbin.org/links/6/5""]","{""title"": ""Links"", ""description"": """", ""keywords"": """"}",[],2026-09-25T13:09:08.469842+00:00,200,text/html
https://httpbin.org/links/6/1,Links,Links 0 1 2 3 4 5,"[""https://httpbin.org/links/6/0"", ""https://httpbin.org/links/6/2"", ""https://httpbin.org/links/6/3"", ""https://httpbin.org/links/6/4"", ""https://httpbin.org/links/6/5""]","{""title"": ""Links"", ""description"": """", ""keywords"": """"}",[],2026-09-25T13:09:08.925535+00:00,200,text/html
https://httpbin.org/links/6/2,Links,Links 0 1 2 3 4 5,"[""https://httpbin.org/links/6/0"", ""https://httpbin.org/links/6/1"", ""https://httpbin.org/links/6/3"", ""https://httpbin.org/links/6/4"", ""https://httpbin.org/links/6/5""]","{""title"": ""Links"", ""description"": """", ""keywords"": """"}",[],2026-09-25T13:09:09.810272+00:00,200,text/html
https://httpbin.org/links/6/3,Links,Links 0 1 2 3 4 5,"[""https://httpbin.org/links/6/0"", ""https://httpbin.org/links/6/1"", ""https://httpbin.org/links/6/2"", ""https://httpbin.org/links/6/4"", ""https://httpbin.org/links/6/5""]","{""title"": ""Links"", ""description"": """", ""keywords"": """"}",[],2026-09-25T13:09:10.818260+00:00,200,text/html
https://httpbin.org/links/6/4,Links,Links 0 1 2 3 4 5,"[""https://httpbin.org/links/6/0"", ""https://httpbin.org/links/6/1"", ""https://httpbin.org/links/6/2"", ""https://httpbin.org/links/6/3"", ""https://httpbin.org/links/6/5""]","{""title"": ""Links"", ""description"": """", ""keywords"": """"}",[],2026-09-25T13:09:11.820652+00:00,200,text/html
https://httpbin.org/links/6/5,Links,Links 0 1 2 3 4 5,"[""https://httpbin.org/links/6/0"", ""https://httpbin.org/links/6/1"", ""https://httpbin.org/links/6/2"", ""https://httpbin.org/links/6/3"", ""https://httpbin.org/links/6/4""]","{""title"": ""Links"", ""description"": """", ""keywords"": """"}",[],2026-09-25T13:09:12.804164+00:00,200,text/html
